,Report Date,Stock price,Y_boolean,CapEx / (Depr + Amor),Current Ratio,Debt Ratio,Interest Coverage,Net Profit Margin,Quick Ratio,R&D / Gross Profit,R&D / Revenue,tweet_subjectivity
0,2020-06-01,136.7581482,0,1.0,0.0,0.4921503683287494,0.04490648065768088,0.3985431896238092,0.0,1.0,1.0,0.4315567058537848
1,2020-06-02,139.86227419999997,1,1.0,0.0,0.4921503683287494,0.04490648065768088,0.3985431896238092,0.0,1.0,1.0,0.587062115390963
2,2020-06-03,140.9002533,1,1.0,0.0,0.4921503683287494,0.04490648065768088,0.3985431896238092,0.0,1.0,1.0,0.555195663082662
3,2020-06-04,138.9132385,-1,1.0,0.0,0.4921503683287494,0.04490648065768088,0.3985431896238092,0.0,1.0,1.0,0.5737337043095927
4,2020-06-05,139.3976288,1,1.0,0.0,0.4921503683287494,0.04490648065768088,0.3985431896238092,0.0,1.0,1.0,0.5049070212590561
5,2020-06-06,139.4931946,0,1.0,0.0,0.4921503683287494,0.04490648065768088,0.3985431896238092,0.0,1.0,1.0,0.4404727314094563
6,2020-06-07,139.5887604,0,1.0,0.0,0.4921503683287494,0.04490648065768088,0.3985431896238092,0.0,1.0,1.0,0.5658211702277862
7,2020-06-08,139.6843262,0,1.0,0.0,0.4921503683287494,0.04490648065768088,0.3985431896238092,0.0,1.0,1.0,0.6136918595469298
8,2020-06-09,137.2129211,-1,1.0,0.0,0.4921503683287494,0.04490648065768088,0.3985431896238092,0.0,1.0,1.0,0.6725341194235437
9,2020-06-10,138.3102264,1,1.0,0.0,0.4921503683287494,0.04490648065768088,0.3985431896238092,0.0,1.0,1.0,0.5406864239046065
10,2020-06-11,129.5614014,-1,1.0,0.0,0.4921503683287494,0.04490648065768088,0.3985431896238092,0.0,1.0,1.0,0.6175798559605692
11,2020-06-12,132.5369873,1,1.0,0.0,0.4921503683287494,0.04490648065768088,0.3985431896238092,0.0,1.0,1.0,0.6204927360571446
12,2020-06-13,132.28324890000002,0,1.0,0.0,0.4921503683287494,0.04490648065768088,0.3985431896238092,0.0,1.0,1.0,0.45209164468699997
13,2020-06-14,132.0295105,0,1.0,0.0,0.4921503683287494,0.04490648065768088,0.3985431896238092,0.0,1.0,1.0,0.4771471675723902
14,2020-06-15,131.77577209999998,0,1.0,0.0,0.4921503683287494,0.04490648065768088,0.3985431896238092,0.0,1.0,1.0,0.5999127536893054
15,2020-06-16,134.6821747,1,1.0,0.0,0.4921503683287494,0.04490648065768088,0.3985431896238092,0.0,1.0,1.0,0.5068216957681191
16,2020-06-17,135.2258606,1,1.0,0.0,0.4921503683287494,0.04490648065768088,0.3985431896238092,0.0,1.0,1.0,0.5063159856164221
17,2020-06-18,135.82888789999998,1,1.0,0.0,0.4921503683287494,0.04490648065768088,0.3985431896238092,0.0,1.0,1.0,0.5319847037474723
18,2020-06-19,135.82888789999998,0,1.0,0.0,0.4921503683287494,0.04490648065768088,0.3985431896238092,0.0,1.0,1.0,0.6799127951981054
19,2020-06-20,135.67731730000003,0,1.0,0.0,0.4921503683287494,0.04490648065768088,0.3985431896238092,0.0,1.0,1.0,0.7710156302038005
20,2020-06-21,135.5257466,0,1.0,0.0,0.4921503683287494,0.04490648065768088,0.3985431896238092,0.0,1.0,1.0,1.0
21,2020-06-22,135.374176,0,1.0,0.0,0.4921503683287494,0.04490648065768088,0.3985431896238092,0.0,1.0,1.0,0.8039212780404109
22,2020-06-23,136.53079219999998,1,1.0,0.0,0.4921503683287494,0.04490648065768088,0.3985431896238092,0.0,1.0,1.0,0.6648919600501131
23,2020-06-24,132.7643433,-1,1.0,0.0,0.4921503683287494,0.04490648065768088,0.3985431896238092,0.0,1.0,1.0,0.5206002827657334
24,2020-06-25,133.7628326,1,1.0,0.0,0.4921503683287494,0.04490648065768088,0.3985431896238092,0.0,1.0,1.0,0.6063747821841883
25,2020-06-26,131.1431274,-1,1.0,0.0,0.4921503683287494,0.04490648065768088,0.3985431896238092,0.0,1.0,1.0,0.5203924469029468
26,2020-06-27,130.9190521,0,1.0,0.0,0.4921503683287494,0.04490648065768088,0.3985431896238092,0.0,1.0,1.0,0.5373316534375734
27,2020-06-28,130.6949768,0,1.0,0.0,0.4921503683287494,0.04490648065768088,0.3985431896238092,0.0,1.0,1.0,0.4778723230796
28,2020-06-29,130.4709015,0,1.0,0.0,0.4921503683287494,0.04490648065768088,0.3985431896238092,0.0,1.0,1.0,0.7113687968096851
29,2020-06-30,135.4730225,1,0.0,0.17088733973539627,0.5291245412181897,0.7105042507138408,1.0,0.030666760569418194,0.3675800216375098,0.4362436142146589,0.5269365687800498
30,2020-07-01,135.6213074,0,0.0,0.17088733973539627,0.5291245412181897,0.7105042507138408,1.0,0.030666760569418194,0.3675800216375098,0.4362436142146589,0.4906037046474996
31,2020-07-02,136.08595280000003,1,0.0,0.17088733973539627,0.5291245412181897,0.7105042507138408,1.0,0.030666760569418194,0.3675800216375098,0.4362436142146589,0.4592365091695205
32,2020-07-03,136.3182641,0,0.0,0.17088733973539627,0.5291245412181897,0.7105042507138408,1.0,0.030666760569418194,0.3675800216375098,0.4362436142146589,0.5158268031017705
33,2020-07-04,136.5505753,0,0.0,0.17088733973539627,0.5291245412181897,0.7105042507138408,1.0,0.030666760569418194,0.3675800216375098,0.4362436142146589,0.7096168984144082
34,2020-07-05,136.78288659999998,0,0.0,0.17088733973539627,0.5291245412181897,0.7105042507138408,1.0,0.030666760569418194,0.3675800216375098,0.4362436142146589,0.6491697720978742
35,2020-07-06,137.0151978,0,0.0,0.17088733973539627,0.5291245412181897,0.7105042507138408,1.0,0.030666760569418194,0.3675800216375098,0.4362436142146589,0.7028503639511108
36,2020-07-07,136.8570099,0,0.0,0.17088733973539627,0.5291245412181897,0.7105042507138408,1.0,0.030666760569418194,0.3675800216375098,0.4362436142146589,0.4853802436397974
37,2020-07-08,137.2227936,0,0.0,0.17088733973539627,0.5291245412181897,0.7105042507138408,1.0,0.030666760569418194,0.3675800216375098,0.4362436142146589,0.458466391199563
38,2020-07-09,136.1056976,-1,0.0,0.17088733973539627,0.5291245412181897,0.7105042507138408,1.0,0.030666760569418194,0.3675800216375098,0.4362436142146589,0.6078410967870429
39,2020-07-10,135.5323486,-1,0.0,0.17088733973539627,0.5291245412181897,0.7105042507138408,1.0,0.030666760569418194,0.3675800216375098,0.4362436142146589,0.6466631756035648
40,2020-07-11,135.9310659,0,0.0,0.17088733973539627,0.5291245412181897,0.7105042507138408,1.0,0.030666760569418194,0.3675800216375098,0.4362436142146589,0.5650503712540651
41,2020-07-12,136.32978310000001,0,0.0,0.17088733973539627,0.5291245412181897,0.7105042507138408,1.0,0.030666760569418194,0.3675800216375098,0.4362436142146589,0.6658308372383486
42,2020-07-13,136.7285004,0,0.0,0.17088733973539627,0.5291245412181897,0.7105042507138408,1.0,0.030666760569418194,0.3675800216375098,0.4362436142146589,0.4906935485011194
43,2020-07-14,138.7945862,1,0.0,0.17088733973539627,0.5291245412181897,0.7105042507138408,1.0,0.030666760569418194,0.3675800216375098,0.4362436142146589,0.5807879466484787
44,2020-07-15,141.28578190000002,1,0.0,0.17088733973539627,0.5291245412181897,0.7105042507138408,1.0,0.030666760569418194,0.3675800216375098,0.4362436142146589,0.6581136377359611
45,2020-07-16,141.5035858,0,0.0,0.17088733973539627,0.5291245412181897,0.7105042507138408,1.0,0.030666760569418194,0.3675800216375098,0.4362436142146589,0.447811730607623
46,2020-07-17,143.2062988,1,0.0,0.17088733973539627,0.5291245412181897,0.7105042507138408,1.0,0.030666760569418194,0.3675800216375098,0.4362436142146589,0.5643824038485921
47,2020-07-18,143.6385752,1,0.0,0.17088733973539627,0.5291245412181897,0.7105042507138408,1.0,0.030666760569418194,0.3675800216375098,0.4362436142146589,0.6308431014675495
48,2020-07-19,144.0708517,1,0.0,0.17088733973539627,0.5291245412181897,0.7105042507138408,1.0,0.030666760569418194,0.3675800216375098,0.4362436142146589,0.5700876912331525
49,2020-07-20,144.5031281,1,0.0,0.17088733973539627,0.5291245412181897,0.7105042507138408,1.0,0.030666760569418194,0.3675800216375098,0.4362436142146589,0.5981787883931267
50,2020-07-21,143.5527954,-1,0.0,0.17088733973539627,0.5291245412181897,0.7105042507138408,1.0,0.030666760569418194,0.3675800216375098,0.4362436142146589,0.520263023759183
51,2020-07-22,143.6517792,0,0.0,0.17088733973539627,0.5291245412181897,0.7105042507138408,1.0,0.030666760569418194,0.3675800216375098,0.4362436142146589,0.5423619688065253
52,2020-07-23,142.6222229,-1,0.0,0.17088733973539627,0.5291245412181897,0.7105042507138408,1.0,0.030666760569418194,0.3675800216375098,0.4362436142146589,0.6127205049649378
53,2020-07-24,142.7707367,0,0.0,0.17088733973539627,0.5291245412181897,0.7105042507138408,1.0,0.030666760569418194,0.3675800216375098,0.4362436142146589,0.5217219932500194
54,2020-07-25,143.6616872,1,0.0,0.17088733973539627,0.5291245412181897,0.7105042507138408,1.0,0.030666760569418194,0.3675800216375098,0.4362436142146589,0.5162186883387571
55,2020-07-26,144.5526378,1,0.0,0.17088733973539627,0.5291245412181897,0.7105042507138408,1.0,0.030666760569418194,0.3675800216375098,0.4362436142146589,0.3983820128875744
56,2020-07-27,145.44358830000002,1,0.0,0.17088733973539627,0.5291245412181897,0.7105042507138408,1.0,0.030666760569418194,0.3675800216375098,0.4362436142146589,0.4950657223760384
57,2020-07-28,144.513031,-1,0.0,0.17088733973539627,0.5291245412181897,0.7105042507138408,1.0,0.030666760569418194,0.3675800216375098,0.4362436142146589,0.5451382914341982
58,2020-07-29,146.106842,1,0.0,0.17088733973539627,0.5291245412181897,0.7105042507138408,1.0,0.030666760569418194,0.3675800216375098,0.4362436142146589,0.5907212134682824
59,2020-07-30,147.61157230000003,1,0.0,0.17088733973539627,0.5291245412181897,0.7105042507138408,1.0,0.030666760569418194,0.3675800216375098,0.4362436142146589,0.5252253198236883
60,2020-07-31,150.15574650000002,1,0.0,0.17088733973539627,0.5291245412181897,0.7105042507138408,1.0,0.030666760569418194,0.3675800216375098,0.4362436142146589,0.4202853639254922
61,2020-08-01,151.08960469999997,1,0.0,0.17088733973539627,0.5291245412181897,0.7105042507138408,1.0,0.030666760569418194,0.3675800216375098,0.4362436142146589,0.6640968070846701
62,2020-08-02,152.023463,1,0.0,0.17088733973539627,0.5291245412181897,0.7105042507138408,1.0,0.030666760569418194,0.3675800216375098,0.4362436142146589,0.5417461144033133
63,2020-08-03,152.9573212,1,0.0,0.17088733973539627,0.5291245412181897,0.7105042507138408,1.0,0.030666760569418194,0.3675800216375098,0.4362436142146589,0.7040355375003795
64,2020-08-04,154.0759888,1,0.0,0.17088733973539627,0.5291245412181897,0.7105042507138408,1.0,0.030666760569418194,0.3675800216375098,0.4362436142146589,0.5857764127147416
65,2020-08-05,156.1350555,1,0.0,0.17088733973539627,0.5291245412181897,0.7105042507138408,1.0,0.030666760569418194,0.3675800216375098,0.4362436142146589,0.2870308281323561
66,2020-08-06,159.708786,1,0.0,0.17088733973539627,0.5291245412181897,0.7105042507138408,1.0,0.030666760569418194,0.3675800216375098,0.4362436142146589,0.4733293307607385
67,2020-08-07,157.2833862,-1,0.0,0.17088733973539627,0.5291245412181897,0.7105042507138408,1.0,0.030666760569418194,0.3675800216375098,0.4362436142146589,0.6555667485189947
68,2020-08-08,157.0227051,0,0.0,0.17088733973539627,0.5291245412181897,0.7105042507138408,1.0,0.030666760569418194,0.3675800216375098,0.4362436142146589,0.5417257815766687
69,2020-08-09,156.7620239,0,0.0,0.17088733973539627,0.5291245412181897,0.7105042507138408,1.0,0.030666760569418194,0.3675800216375098,0.4362436142146589,0.6141418408906691
70,2020-08-10,156.5013428,0,0.0,0.17088733973539627,0.5291245412181897,0.7105042507138408,1.0,0.030666760569418194,0.3675800216375098,0.4362436142146589,0.5283764377367657
71,2020-08-11,155.3529816,-1,0.0,0.17088733973539627,0.5291245412181897,0.7105042507138408,1.0,0.030666760569418194,0.3675800216375098,0.4362436142146589,0.3879013325427634
72,2020-08-12,157.75859069999998,1,0.0,0.17088733973539627,0.5291245412181897,0.7105042507138408,1.0,0.030666760569418194,0.3675800216375098,0.4362436142146589,0.7599133717812919
73,2020-08-13,157.2734833,-1,0.0,0.17088733973539627,0.5291245412181897,0.7105042507138408,1.0,0.030666760569418194,0.3675800216375098,0.4362436142146589,0.6164181283980064
74,2020-08-14,155.4717865,-1,0.0,0.17088733973539627,0.5291245412181897,0.7105042507138408,1.0,0.030666760569418194,0.3675800216375098,0.4362436142146589,0.5558202732485444
75,2020-08-15,155.59387719999998,0,0.0,0.17088733973539627,0.5291245412181897,0.7105042507138408,1.0,0.030666760569418194,0.3675800216375098,0.4362436142146589,0.5134912196239076
76,2020-08-16,155.71596780000002,0,0.0,0.17088733973539627,0.5291245412181897,0.7105042507138408,1.0,0.030666760569418194,0.3675800216375098,0.4362436142146589,0.5326386457182979
77,2020-08-17,155.8380585,0,0.0,0.17088733973539627,0.5291245412181897,0.7105042507138408,1.0,0.030666760569418194,0.3675800216375098,0.4362436142146589,0.5363456248459224
78,2020-08-18,158.56042480000002,1,0.0,0.17088733973539627,0.5291245412181897,0.7105042507138408,1.0,0.030666760569418194,0.3675800216375098,0.4362436142146589,0.6209331184906981
79,2020-08-19,156.9864197,-1,0.0,0.17088733973539627,0.5291245412181897,0.7105042507138408,1.0,0.030666760569418194,0.3675800216375098,0.4362436142146589,0.8506071829552928
80,2020-08-20,156.9468079,0,0.0,0.17088733973539627,0.5291245412181897,0.7105042507138408,1.0,0.030666760569418194,0.3675800216375098,0.4362436142146589,0.4743081763841248
81,2020-08-21,156.77851869999998,0,0.0,0.17088733973539627,0.5291245412181897,0.7105042507138408,1.0,0.030666760569418194,0.3675800216375098,0.4362436142146589,0.4686212112436703
82,2020-08-22,156.2472382,-1,0.0,0.17088733973539627,0.5291245412181897,0.7105042507138408,1.0,0.030666760569418194,0.3675800216375098,0.4362436142146589,0.6907095747896808
83,2020-08-23,155.7159576,-1,0.0,0.17088733973539627,0.5291245412181897,0.7105042507138408,1.0,0.030666760569418194,0.3675800216375098,0.4362436142146589,0.4121525089119063
84,2020-08-24,155.1846771,-1,0.0,0.17088733973539627,0.5291245412181897,0.7105042507138408,1.0,0.030666760569418194,0.3675800216375098,0.4362436142146589,0.7116704490480439
85,2020-08-25,156.9864197,1,0.0,0.17088733973539627,0.5291245412181897,0.7105042507138408,1.0,0.030666760569418194,0.3675800216375098,0.4362436142146589,0.26136833632142586
86,2020-08-26,158.154541,1,0.0,0.17088733973539627,0.5291245412181897,0.7105042507138408,1.0,0.030666760569418194,0.3675800216375098,0.4362436142146589,0.5187673124938827
87,2020-08-27,158.006073,0,0.0,0.17088733973539627,0.5291245412181897,0.7105042507138408,1.0,0.030666760569418194,0.3675800216375098,0.4362436142146589,0.4397493919122821
88,2020-08-28,158.39215090000002,0,0.0,0.17088733973539627,0.5291245412181897,0.7105042507138408,1.0,0.030666760569418194,0.3675800216375098,0.4362436142146589,0.2728201928900997
89,2020-08-29,158.4251506,0,0.0,0.17088733973539627,0.5291245412181897,0.7105042507138408,1.0,0.030666760569418194,0.3675800216375098,0.4362436142146589,0.5655003201690549
90,2020-08-30,158.45815019999998,0,0.0,0.17088733973539627,0.5291245412181897,0.7105042507138408,1.0,0.030666760569418194,0.3675800216375098,0.4362436142146589,0.689966469968998
91,2020-08-31,158.4911499,0,0.0,0.17088733973539627,0.5291245412181897,0.7105042507138408,1.0,0.030666760569418194,0.3675800216375098,0.4362436142146589,0.7623552567037191
92,2020-09-01,160.421524,1,0.0,0.17088733973539627,0.5291245412181897,0.7105042507138408,1.0,0.030666760569418194,0.3675800216375098,0.4362436142146589,0.5152419343697856
93,2020-09-02,163.66859440000002,1,0.0,0.17088733973539627,0.5291245412181897,0.7105042507138408,1.0,0.030666760569418194,0.3675800216375098,0.4362436142146589,0.7632737848509352
94,2020-09-03,157.2042236,-1,0.0,0.17088733973539627,0.5291245412181897,0.7105042507138408,1.0,0.030666760569418194,0.3675800216375098,0.4362436142146589,0.6641699663460905
95,2020-09-04,155.6598969,-1,0.0,0.17088733973539627,0.5291245412181897,0.7105042507138408,1.0,0.030666760569418194,0.3675800216375098,0.4362436142146589,0.7232769745428467
96,2020-09-05,154.73676310000002,-1,0.0,0.17088733973539627,0.5291245412181897,0.7105042507138408,1.0,0.030666760569418194,0.3675800216375098,0.4362436142146589,0.5504281503088144
97,2020-09-06,153.81362919999998,-1,0.0,0.17088733973539627,0.5291245412181897,0.7105042507138408,1.0,0.030666760569418194,0.3675800216375098,0.4362436142146589,0.5238195821270102
98,2020-09-07,152.89049540000002,-1,0.0,0.17088733973539627,0.5291245412181897,0.7105042507138408,1.0,0.030666760569418194,0.3675800216375098,0.4362436142146589,0.6178447177813382
99,2020-09-08,151.9673615,-1,0.0,0.17088733973539627,0.5291245412181897,0.7105042507138408,1.0,0.030666760569418194,0.3675800216375098,0.4362436142146589,0.3492261559665941
100,2020-09-09,157.3131104,1,0.0,0.17088733973539627,0.5291245412181897,0.7105042507138408,1.0,0.030666760569418194,0.3675800216375098,0.4362436142146589,0.6081169357399006
101,2020-09-10,156.5112457,-1,0.0,0.17088733973539627,0.5291245412181897,0.7105042507138408,1.0,0.030666760569418194,0.3675800216375098,0.4362436142146589,0.4695477330779161
102,2020-09-11,156.9963074,1,0.0,0.17088733973539627,0.5291245412181897,0.7105042507138408,1.0,0.030666760569418194,0.3675800216375098,0.4362436142146589,0.6906680173457493
103,2020-09-12,157.7453766,1,0.0,0.17088733973539627,0.5291245412181897,0.7105042507138408,1.0,0.030666760569418194,0.3675800216375098,0.4362436142146589,0.5613665624687663
104,2020-09-13,158.49444580000002,1,0.0,0.17088733973539627,0.5291245412181897,0.7105042507138408,1.0,0.030666760569418194,0.3675800216375098,0.4362436142146589,0.6167184510575883
105,2020-09-14,159.243515,1,0.0,0.17088733973539627,0.5291245412181897,0.7105042507138408,1.0,0.030666760569418194,0.3675800216375098,0.4362436142146589,0.6331458346210246
106,2020-09-15,160.64923100000001,1,0.0,0.17088733973539627,0.5291245412181897,0.7105042507138408,1.0,0.030666760569418194,0.3675800216375098,0.4362436142146589,0.6361034339647187
107,2020-09-16,159.6295929,-1,0.0,0.17088733973539627,0.5291245412181897,0.7105042507138408,1.0,0.030666760569418194,0.3675800216375098,0.4362436142146589,0.4865305238533884
108,2020-09-17,158.8574219,-1,0.0,0.17088733973539627,0.5291245412181897,0.7105042507138408,1.0,0.030666760569418194,0.3675800216375098,0.4362436142146589,0.5162476634274444
109,2020-09-18,159.25340269999998,0,0.0,0.17088733973539627,0.5291245412181897,0.7105042507138408,1.0,0.030666760569418194,0.3675800216375098,0.4362436142146589,0.4816308314919739
110,2020-09-19,159.2864075,0,0.0,0.17088733973539627,0.5291245412181897,0.7105042507138408,1.0,0.030666760569418194,0.3675800216375098,0.4362436142146589,0.6171799608221775
111,2020-09-20,159.3194122,0,0.0,0.17088733973539627,0.5291245412181897,0.7105042507138408,1.0,0.030666760569418194,0.3675800216375098,0.4362436142146589,0.7078591628440192
112,2020-09-21,159.352417,0,0.0,0.17088733973539627,0.5291245412181897,0.7105042507138408,1.0,0.030666760569418194,0.3675800216375098,0.4362436142146589,0.4709492226082608
113,2020-09-22,159.8869629,1,0.0,0.17088733973539627,0.5291245412181897,0.7105042507138408,1.0,0.030666760569418194,0.3675800216375098,0.4362436142146589,0.6823581986399772
114,2020-09-23,157.7288818,-1,0.0,0.17088733973539627,0.5291245412181897,0.7105042507138408,1.0,0.030666760569418194,0.3675800216375098,0.4362436142146589,0.8050258012868632
115,2020-09-24,156.3924561,-1,0.0,0.17088733973539627,0.5291245412181897,0.7105042507138408,1.0,0.030666760569418194,0.3675800216375098,0.4362436142146589,0.4302982108993421
116,2020-09-25,159.2236938,1,0.0,0.17088733973539627,0.5291245412181897,0.7105042507138408,1.0,0.030666760569418194,0.3675800216375098,0.4362436142146589,0.8384219826198755
117,2020-09-26,159.38209530000003,0,0.0,0.17088733973539627,0.5291245412181897,0.7105042507138408,1.0,0.030666760569418194,0.3675800216375098,0.4362436142146589,0.5223662065956578
118,2020-09-27,159.5404968,0,0.0,0.17088733973539627,0.5291245412181897,0.7105042507138408,1.0,0.030666760569418194,0.3675800216375098,0.4362436142146589,0.5163554890232893
119,2020-09-28,159.6988983,0,0.0,0.17088733973539627,0.5291245412181897,0.7105042507138408,1.0,0.030666760569418194,0.3675800216375098,0.4362436142146589,0.41224202847802
120,2020-09-29,160.8472137,1,0.0,0.17088733973539627,0.5291245412181897,0.7105042507138408,1.0,0.030666760569418194,0.3675800216375098,0.4362436142146589,0.4756820528333092
121,2020-09-30,163.7081604,1,0.13204755723398387,1.0,1.0,0.3698180735125076,0.5821156746967566,1.0,0.4334232808079346,0.5572331576605478,0.12997730246885908
122,2020-10-01,162.3816528,-1,0.13204755723398387,1.0,1.0,0.3698180735125076,0.5821156746967566,1.0,0.4334232808079346,0.5572331576605478,0.6732640581714708
123,2020-10-02,161.9064636,0,0.13204755723398387,1.0,1.0,0.3698180735125076,0.5821156746967566,1.0,0.4334232808079346,0.5572331576605478,0.4106876698172064
124,2020-10-03,161.8734639,0,0.13204755723398387,1.0,1.0,0.3698180735125076,0.5821156746967566,1.0,0.4334232808079346,0.5572331576605478,0.5593328582305173
125,2020-10-04,161.8404643,0,0.13204755723398387,1.0,1.0,0.3698180735125076,0.5821156746967566,1.0,0.4334232808079346,0.5572331576605478,0.7138583519955386
126,2020-10-05,161.8074646,0,0.13204755723398387,1.0,1.0,0.3698180735125076,0.5821156746967566,1.0,0.4334232808079346,0.5572331576605478,0.7882484466466302
127,2020-10-06,159.8968964,-1,0.13204755723398387,1.0,1.0,0.3698180735125076,0.5821156746967566,1.0,0.4334232808079346,0.5572331576605478,0.3987867399098102
128,2020-10-07,158.3030396,-1,0.13204755723398387,1.0,1.0,0.3698180735125076,0.5821156746967566,1.0,0.4334232808079346,0.5572331576605478,0.5003791569523637
129,2020-10-08,161.5302887,1,0.13204755723398387,1.0,1.0,0.3698180735125076,0.5821156746967566,1.0,0.4334232808079346,0.5572331576605478,0.3074534175590138
130,2020-10-09,163.7675781,1,0.13204755723398387,1.0,1.0,0.3698180735125076,0.5821156746967566,1.0,0.4334232808079346,0.5572331576605478,0.5150051720614375
131,2020-10-10,164.7971293,1,0.13204755723398387,1.0,1.0,0.3698180735125076,0.5821156746967566,1.0,0.4334232808079346,0.5572331576605478,0.5048877423668063
132,2020-10-11,165.82668049999998,1,0.13204755723398387,1.0,1.0,0.3698180735125076,0.5821156746967566,1.0,0.4334232808079346,0.5572331576605478,0.6083481365175158
133,2020-10-12,166.85623169999997,1,0.13204755723398387,1.0,1.0,0.3698180735125076,0.5821156746967566,1.0,0.4334232808079346,0.5572331576605478,0.502052496699239
134,2020-10-13,163.6586761,-1,0.13204755723398387,1.0,1.0,0.3698180735125076,0.5821156746967566,1.0,0.4334232808079346,0.5572331576605478,0.2017326422031518
135,2020-10-14,162.01538090000003,-1,0.13204755723398387,1.0,1.0,0.3698180735125076,0.5821156746967566,1.0,0.4334232808079346,0.5572331576605478,0.3995194999590419
136,2020-10-15,161.3521118,-1,0.13204755723398387,1.0,1.0,0.3698180735125076,0.5821156746967566,1.0,0.4334232808079346,0.5572331576605478,0.5843280960684876
137,2020-10-16,161.9064636,1,0.13204755723398387,1.0,1.0,0.3698180735125076,0.5821156746967566,1.0,0.4334232808079346,0.5572331576605478,0.3717159809596531
138,2020-10-17,160.7317301,-1,0.13204755723398387,1.0,1.0,0.3698180735125076,0.5821156746967566,1.0,0.4334232808079346,0.5572331576605478,0.5174225084196387
139,2020-10-18,159.55699669999998,-1,0.13204755723398387,1.0,1.0,0.3698180735125076,0.5821156746967566,1.0,0.4334232808079346,0.5572331576605478,0.7566029638451209
140,2020-10-19,158.3822632,-1,0.13204755723398387,1.0,1.0,0.3698180735125076,0.5821156746967566,1.0,0.4334232808079346,0.5572331576605478,0.8454617455216056
141,2020-10-20,158.28311159999998,0,0.13204755723398387,1.0,1.0,0.3698180735125076,0.5821156746967566,1.0,0.4334232808079346,0.5572331576605478,0.6972628253600863
142,2020-10-21,159.76000980000003,1,0.13204755723398387,1.0,1.0,0.3698180735125076,0.5821156746967566,1.0,0.4334232808079346,0.5572331576605478,0.29121533682737955
143,2020-10-22,160.9494324,1,0.13204755723398387,1.0,1.0,0.3698180735125076,0.5821156746967566,1.0,0.4334232808079346,0.5572331576605478,0.5225742856740734
144,2020-10-23,162.0496674,1,0.13204755723398387,1.0,1.0,0.3698180735125076,0.5821156746967566,1.0,0.4334232808079346,0.5572331576605478,0.17359959845423756
145,2020-10-24,161.0551656,-1,0.13204755723398387,1.0,1.0,0.3698180735125076,0.5821156746967566,1.0,0.4334232808079346,0.5572331576605478,0.3594303163547856
146,2020-10-25,160.0606639,-1,0.13204755723398387,1.0,1.0,0.3698180735125076,0.5821156746967566,1.0,0.4334232808079346,0.5572331576605478,0.4595891394038691
147,2020-10-26,159.0661621,-1,0.13204755723398387,1.0,1.0,0.3698180735125076,0.5821156746967566,1.0,0.4334232808079346,0.5572331576605478,0.3811609842955983
148,2020-10-27,161.0386353,1,0.13204755723398387,1.0,1.0,0.3698180735125076,0.5821156746967566,1.0,0.4334232808079346,0.5572331576605478,0.21379402956866397
149,2020-10-28,157.29194640000003,-1,0.13204755723398387,1.0,1.0,0.3698180735125076,0.5821156746967566,1.0,0.4334232808079346,0.5572331576605478,0.621527391560365
150,2020-10-29,159.7699127,1,0.13204755723398387,1.0,1.0,0.3698180735125076,0.5821156746967566,1.0,0.4334232808079346,0.5572331576605478,0.6067838384446338
151,2020-10-30,157.153183,-1,0.13204755723398387,1.0,1.0,0.3698180735125076,0.5821156746967566,1.0,0.4334232808079346,0.5572331576605478,0.3987379670688629
152,2020-10-31,158.5870972,1,0.13204755723398387,1.0,1.0,0.3698180735125076,0.5821156746967566,1.0,0.4334232808079346,0.5572331576605478,0.4373369522954267
153,2020-11-01,160.02101130000003,1,0.13204755723398387,1.0,1.0,0.3698180735125076,0.5821156746967566,1.0,0.4334232808079346,0.5572331576605478,0.3915835361049061
154,2020-11-02,161.4549255,1,0.13204755723398387,1.0,1.0,0.3698180735125076,0.5821156746967566,1.0,0.4334232808079346,0.5572331576605478,0.4163936057767801
155,2020-11-03,161.7027435,0,0.13204755723398387,1.0,1.0,0.3698180735125076,0.5821156746967566,1.0,0.4334232808079346,0.5572331576605478,0.5149734567433208
156,2020-11-04,172.8139801,1,0.13204755723398387,1.0,1.0,0.3698180735125076,0.5821156746967566,1.0,0.4334232808079346,0.5572331576605478,0.30246498392150034
157,2020-11-05,169.3943481,-1,0.13204755723398387,1.0,1.0,0.3698180735125076,0.5821156746967566,1.0,0.4334232808079346,0.5572331576605478,0.2180220576470333
158,2020-11-06,167.7589111,-1,0.13204755723398387,1.0,1.0,0.3698180735125076,0.5821156746967566,1.0,0.4334232808079346,0.5572331576605478,0.3503017041243597
159,2020-11-07,166.42080180000002,-1,0.13204755723398387,1.0,1.0,0.3698180735125076,0.5821156746967566,1.0,0.4334232808079346,0.5572331576605478,0.213798537165002
160,2020-11-08,165.0826924,-1,0.13204755723398387,1.0,1.0,0.3698180735125076,0.5821156746967566,1.0,0.4334232808079346,0.5572331576605478,0.26320813284528377
161,2020-11-09,163.7445831,-1,0.13204755723398387,1.0,1.0,0.3698180735125076,0.5821156746967566,1.0,0.4334232808079346,0.5572331576605478,0.6076148738226497
162,2020-11-10,161.1278381,-1,0.13204755723398387,1.0,1.0,0.3698180735125076,0.5821156746967566,1.0,0.4334232808079346,0.5572331576605478,0.4587212487507628
163,2020-11-11,163.4967804,1,0.13204755723398387,1.0,1.0,0.3698180735125076,0.5821156746967566,1.0,0.4334232808079346,0.5572331576605478,0.4466462413099857
164,2020-11-12,163.73466489999998,0,0.13204755723398387,1.0,1.0,0.3698180735125076,0.5821156746967566,1.0,0.4334232808079346,0.5572331576605478,0.5532901172669016
165,2020-11-13,164.3194733,1,0.13204755723398387,1.0,1.0,0.3698180735125076,0.5821156746967566,1.0,0.4334232808079346,0.5572331576605478,0.5512495219191429
166,2020-11-14,164.15758259999998,0,0.13204755723398387,1.0,1.0,0.3698180735125076,0.5821156746967566,1.0,0.4334232808079346,0.5572331576605478,0.8365146370084551
167,2020-11-15,163.995692,0,0.13204755723398387,1.0,1.0,0.3698180735125076,0.5821156746967566,1.0,0.4334232808079346,0.5572331576605478,0.7405026890892881
168,2020-11-16,163.8338013,0,0.13204755723398387,1.0,1.0,0.3698180735125076,0.5821156746967566,1.0,0.4334232808079346,0.5572331576605478,0.7871244823641748
169,2020-11-17,163.9725647,0,0.13204755723398387,1.0,1.0,0.3698180735125076,0.5821156746967566,1.0,0.4334232808079346,0.5572331576605478,0.6426842003300335
170,2020-11-18,162.05957030000002,-1,0.13204755723398387,1.0,1.0,0.3698180735125076,0.5821156746967566,1.0,0.4334232808079346,0.5572331576605478,0.6608403281607957
171,2020-11-19,164.8447876,1,0.13204755723398387,1.0,1.0,0.3698180735125076,0.5821156746967566,1.0,0.4334232808079346,0.5572331576605478,0.5110282884423212
172,2020-11-20,164.73577880000002,0,0.13204755723398387,1.0,1.0,0.3698180735125076,0.5821156746967566,1.0,0.4334232808079346,0.5572331576605478,0.5657518213445645
173,2020-11-21,164.1212412,-1,0.13204755723398387,1.0,1.0,0.3698180735125076,0.5821156746967566,1.0,0.4334232808079346,0.5572331576605478,0.5669947504987052
174,2020-11-22,163.50670369999997,-1,0.13204755723398387,1.0,1.0,0.3698180735125076,0.5821156746967566,1.0,0.4334232808079346,0.5572331576605478,0.5676927307128867
175,2020-11-23,162.8921661,-1,0.13204755723398387,1.0,1.0,0.3698180735125076,0.5821156746967566,1.0,0.4334232808079346,0.5572331576605478,0.5679137002196786
176,2020-11-24,159.6410675,-1,0.13204755723398387,1.0,1.0,0.3698180735125076,0.5821156746967566,1.0,0.4334232808079346,0.5572331576605478,0.7894074339797648
177,2020-11-25,158.7787323,-1,0.13204755723398387,1.0,1.0,0.3698180735125076,0.5821156746967566,1.0,0.4334232808079346,0.5572331576605478,0.6595587115071542
178,2020-11-26,159.4130935,1,0.13204755723398387,1.0,1.0,0.3698180735125076,0.5821156746967566,1.0,0.4334232808079346,0.5572331576605478,0.6065980217035243
179,2020-11-27,160.04745480000003,1,0.13204755723398387,1.0,1.0,0.3698180735125076,0.5821156746967566,1.0,0.4334232808079346,0.5572331576605478,0.3614446119857826
180,2020-11-28,159.687327,0,0.13204755723398387,1.0,1.0,0.3698180735125076,0.5821156746967566,1.0,0.4334232808079346,0.5572331576605478,0.5363914304561872
181,2020-11-29,159.3271993,0,0.13204755723398387,1.0,1.0,0.3698180735125076,0.5821156746967566,1.0,0.4334232808079346,0.5572331576605478,0.5651067162082848
182,2020-11-30,158.9670715,0,0.13204755723398387,1.0,1.0,0.3698180735125076,0.5821156746967566,1.0,0.4334232808079346,0.5572331576605478,0.4934274218942187
183,2020-12-01,159.93843080000002,1,0.13204755723398387,1.0,1.0,0.3698180735125076,0.5821156746967566,1.0,0.4334232808079346,0.5572331576605478,0.6745000151442264
184,2020-12-02,157.5496521,-1,0.13204755723398387,1.0,1.0,0.3698180735125076,0.5821156746967566,1.0,0.4334232808079346,0.5572331576605478,0.4754981331741126
185,2020-12-03,155.6862183,-1,0.13204755723398387,1.0,1.0,0.3698180735125076,0.5821156746967566,1.0,0.4334232808079346,0.5572331576605478,0.14872350384608254
186,2020-12-04,156.55844119999998,1,0.13204755723398387,1.0,1.0,0.3698180735125076,0.5821156746967566,1.0,0.4334232808079346,0.5572331576605478,0.4580995247436874
187,2020-12-05,156.72364299999998,0,0.13204755723398387,1.0,1.0,0.3698180735125076,0.5821156746967566,1.0,0.4334232808079346,0.5572331576605478,0.4784515654233497
188,2020-12-06,156.88884480000002,0,0.13204755723398387,1.0,1.0,0.3698180735125076,0.5821156746967566,1.0,0.4334232808079346,0.5572331576605478,0.7139859753436424
189,2020-12-07,157.0540466,0,0.13204755723398387,1.0,1.0,0.3698180735125076,0.5821156746967566,1.0,0.4334232808079346,0.5572331576605478,0.6885554463859673
190,2020-12-08,157.5892944,1,0.13204755723398387,1.0,1.0,0.3698180735125076,0.5821156746967566,1.0,0.4334232808079346,0.5572331576605478,0.2820533391981801
191,2020-12-09,157.3018494,0,0.13204755723398387,1.0,1.0,0.3698180735125076,0.5821156746967566,1.0,0.4334232808079346,0.5572331576605478,0.4886559203840442
192,2020-12-10,156.72695919999998,-1,0.13204755723398387,1.0,1.0,0.3698180735125076,0.5821156746967566,1.0,0.4334232808079346,0.5572331576605478,0.5161634297476834
193,2020-12-11,158.12454219999998,1,0.13204755723398387,1.0,1.0,0.3698180735125076,0.5821156746967566,1.0,0.4334232808079346,0.5572331576605478,0.672468661990397
194,2020-12-12,158.1146291,0,0.13204755723398387,1.0,1.0,0.3698180735125076,0.5821156746967566,1.0,0.4334232808079346,0.5572331576605478,0.0
195,2020-12-13,158.104716,0,0.13204755723398387,1.0,1.0,0.3698180735125076,0.5821156746967566,1.0,0.4334232808079346,0.5572331576605478,0.3872605080015665
196,2020-12-14,158.09480290000002,0,0.13204755723398387,1.0,1.0,0.3698180735125076,0.5821156746967566,1.0,0.4334232808079346,0.5572331576605478,0.5623502237616211
197,2020-12-15,160.5331573,1,0.13204755723398387,1.0,1.0,0.3698180735125076,0.5821156746967566,1.0,0.4334232808079346,0.5572331576605478,0.4142553512464993
198,2020-12-16,159.20491030000002,-1,0.13204755723398387,1.0,1.0,0.3698180735125076,0.5821156746967566,1.0,0.4334232808079346,0.5572331576605478,0.5516025088697498
199,2020-12-17,161.26660159999997,1,0.13204755723398387,1.0,1.0,0.3698180735125076,0.5821156746967566,1.0,0.4334232808079346,0.5572331576605478,0.7115663365441467
200,2020-12-18,162.188446,1,0.13204755723398387,1.0,1.0,0.3698180735125076,0.5821156746967566,1.0,0.4334232808079346,0.5572331576605478,0.4501071186490799
201,2020-12-19,161.266627,-1,0.13204755723398387,1.0,1.0,0.3698180735125076,0.5821156746967566,1.0,0.4334232808079346,0.5572331576605478,0.3608790221460474
202,2020-12-20,160.3448079,-1,0.13204755723398387,1.0,1.0,0.3698180735125076,0.5821156746967566,1.0,0.4334232808079346,0.5572331576605478,0.4824366697307507
203,2020-12-21,159.4229889,-1,0.13204755723398387,1.0,1.0,0.3698180735125076,0.5821156746967566,1.0,0.4334232808079346,0.5572331576605478,0.4014957080224244
204,2020-12-22,160.4042664,1,0.13204755723398387,1.0,1.0,0.3698180735125076,0.5821156746967566,1.0,0.4334232808079346,0.5572331576605478,0.4147690550852268
205,2020-12-23,158.4417114,-1,0.13204755723398387,1.0,1.0,0.3698180735125076,0.5821156746967566,1.0,0.4334232808079346,0.5572331576605478,0.4929471034542647
206,2020-12-24,159.3040771,1,0.13204755723398387,1.0,1.0,0.3698180735125076,0.5821156746967566,1.0,0.4334232808079346,0.5572331576605478,0.4778379972470583
207,2020-12-25,159.7178955,0,0.13204755723398387,1.0,1.0,0.3698180735125076,0.5821156746967566,1.0,0.4334232808079346,0.5572331576605478,0.4112681120247297
208,2020-12-26,160.1317138,0,0.13204755723398387,1.0,1.0,0.3698180735125076,0.5821156746967566,1.0,0.4334232808079346,0.5572331576605478,0.8867159968497402
209,2020-12-27,160.5455322,0,0.13204755723398387,1.0,1.0,0.3698180735125076,0.5821156746967566,1.0,0.4334232808079346,0.5572331576605478,0.7144238931921478
210,2020-12-28,160.9593506,0,0.13204755723398387,1.0,1.0,0.3698180735125076,0.5821156746967566,1.0,0.4334232808079346,0.5572331576605478,0.3780264050453424
211,2020-12-29,161.6829071,1,0.13204755723398387,1.0,1.0,0.3698180735125076,0.5821156746967566,1.0,0.4334232808079346,0.5572331576605478,0.22380689275688948
212,2020-12-30,162.8227997,1,0.4748258767290671,0.22152667325608544,0.5306898545921008,1.0,0.9020135254954332,0.3763641631666932,0.0,0.0,0.5586443796402705
213,2020-12-31,164.04196169999997,1,0.4748258767290671,0.22152667325608544,0.5306898545921008,1.0,0.9020135254954332,0.3763641631666932,0.0,0.0,0.6545635002607586
214,2021-01-01,163.5686646,0,0.4748258767290671,0.22152667325608544,0.5306898545921008,1.0,0.9020135254954332,0.3763641631666932,0.0,0.0,0.9839677121198624
215,2021-01-02,163.0953675,0,0.4748258767290671,0.22152667325608544,0.5306898545921008,1.0,0.9020135254954332,0.3763641631666932,0.0,0.0,0.8814314400758514
216,2021-01-03,162.62207030000002,0,0.4748258767290671,0.22152667325608544,0.5306898545921008,1.0,0.9020135254954332,0.3763641631666932,0.0,0.0,0.8414593566901187
217,2021-01-04,162.1487732,0,0.4748258767290671,0.22152667325608544,0.5306898545921008,1.0,0.9020135254954332,0.3763641631666932,0.0,0.0,0.5396314517891163
218,2021-01-05,163.278717,1,0.4748258767290671,0.22152667325608544,0.5306898545921008,1.0,0.9020135254954332,0.3763641631666932,0.0,0.0,0.5709265095113194
219,2021-01-06,165.6773987,1,0.4748258767290671,0.22152667325608544,0.5306898545921008,1.0,0.9020135254954332,0.3763641631666932,0.0,0.0,0.3810657734837495
220,2021-01-07,165.528717,0,0.4748258767290671,0.22152667325608544,0.5306898545921008,1.0,0.9020135254954332,0.3763641631666932,0.0,0.0,0.6036230729782437
221,2021-01-08,166.6289368,1,0.4748258767290671,0.22152667325608544,0.5306898545921008,1.0,0.9020135254954332,0.3763641631666932,0.0,0.0,0.18948923226035408
222,2021-01-09,167.0518494,0,0.4748258767290671,0.22152667325608544,0.5306898545921008,1.0,0.9020135254954332,0.3763641631666932,0.0,0.0,0.4557914732751103
223,2021-01-10,167.474762,0,0.4748258767290671,0.22152667325608544,0.5306898545921008,1.0,0.9020135254954332,0.3763641631666932,0.0,0.0,0.8044611194521458
224,2021-01-11,167.89767460000002,0,0.4748258767290671,0.22152667325608544,0.5306898545921008,1.0,0.9020135254954332,0.3763641631666932,0.0,0.0,0.2726359489433969
225,2021-01-12,164.65647890000002,-1,0.4748258767290671,0.22152667325608544,0.5306898545921008,1.0,0.9020135254954332,0.3763641631666932,0.0,0.0,0.5878205265819441
226,2021-01-13,160.52323909999998,-1,0.4748258767290671,0.22152667325608544,0.5306898545921008,1.0,0.9020135254954332,0.3763641631666932,0.0,0.0,0.5246567141101446
227,2021-01-14,159.54194640000003,-1,0.4748258767290671,0.22152667325608544,0.5306898545921008,1.0,0.9020135254954332,0.3763641631666932,0.0,0.0,0.5666582535677946
228,2021-01-15,160.13665769999997,1,0.4748258767290671,0.22152667325608544,0.5306898545921008,1.0,0.9020135254954332,0.3763641631666932,0.0,0.0,0.32876293331539763
229,2021-01-16,160.4493675,0,0.4748258767290671,0.22152667325608544,0.5306898545921008,1.0,0.9020135254954332,0.3763641631666932,0.0,0.0,0.5333200710552841
230,2021-01-17,160.76207730000002,0,0.4748258767290671,0.22152667325608544,0.5306898545921008,1.0,0.9020135254954332,0.3763641631666932,0.0,0.0,0.8499213797369727
231,2021-01-18,161.0747871,0,0.4748258767290671,0.22152667325608544,0.5306898545921008,1.0,0.9020135254954332,0.3763641631666932,0.0,0.0,0.5740840807457728
232,2021-01-19,161.3874969,0,0.4748258767290671,0.22152667325608544,0.5306898545921008,1.0,0.9020135254954332,0.3763641631666932,0.0,0.0,0.5774460341810697
233,2021-01-20,162.1717377,1,0.4748258767290671,0.22152667325608544,0.5306898545921008,1.0,0.9020135254954332,0.3763641631666932,0.0,0.0,0.4804294111386405
234,2021-01-21,163.26374819999998,1,0.4748258767290671,0.22152667325608544,0.5306898545921008,1.0,0.9020135254954332,0.3763641631666932,0.0,0.0,0.4269508504018269
235,2021-01-22,162.1419525,-1,0.4748258767290671,0.22152667325608544,0.5306898545921008,1.0,0.9020135254954332,0.3763641631666932,0.0,0.0,0.5193812211720568
236,2021-01-23,161.48344419999998,-1,0.4748258767290671,0.22152667325608544,0.5306898545921008,1.0,0.9020135254954332,0.3763641631666932,0.0,0.0,0.5439947239719869
237,2021-01-24,160.8249359,-1,0.4748258767290671,0.22152667325608544,0.5306898545921008,1.0,0.9020135254954332,0.3763641631666932,0.0,0.0,0.5300340008964595
238,2021-01-25,160.1664276,-1,0.4748258767290671,0.22152667325608544,0.5306898545921008,1.0,0.9020135254954332,0.3763641631666932,0.0,0.0,0.5732926733010268
239,2021-01-26,158.5482941,-1,0.4748258767290671,0.22152667325608544,0.5306898545921008,1.0,0.9020135254954332,0.3763641631666932,0.0,0.0,0.5913679076133427
240,2021-01-27,152.03598019999998,-1,0.4748258767290671,0.22152667325608544,0.5306898545921008,1.0,0.9020135254954332,0.3763641631666932,0.0,0.0,0.4909802024423122
241,2021-01-28,155.39141850000001,1,0.4748258767290671,0.22152667325608544,0.5306898545921008,1.0,0.9020135254954332,0.3763641631666932,0.0,0.0,0.558086686201313
242,2021-01-29,153.128006,-1,0.4748258767290671,0.22152667325608544,0.5306898545921008,1.0,0.9020135254954332,0.3763641631666932,0.0,0.0,0.5049103289916204
243,2021-01-30,153.5681102,0,0.4748258767290671,0.22152667325608544,0.5306898545921008,1.0,0.9020135254954332,0.3763641631666932,0.0,0.0,0.5598435786241867
244,2021-01-31,154.00821430000002,0,0.4748258767290671,0.22152667325608544,0.5306898545921008,1.0,0.9020135254954332,0.3763641631666932,0.0,0.0,0.43560686223494827
245,2021-02-01,154.4483185,0,0.4748258767290671,0.22152667325608544,0.5306898545921008,1.0,0.9020135254954332,0.3763641631666932,0.0,0.0,0.3510511487657908
246,2021-02-02,156.245163,1,0.4748258767290671,0.22152667325608544,0.5306898545921008,1.0,0.9020135254954332,0.3763641631666932,0.0,0.0,0.4615204012188796
247,2021-02-03,154.1008606,-1,0.4748258767290671,0.22152667325608544,0.5306898545921008,1.0,0.9020135254954332,0.3763641631666932,0.0,0.0,0.3889960785209015
248,2021-02-04,155.98706049999998,1,0.4748258767290671,0.22152667325608544,0.5306898545921008,1.0,0.9020135254954332,0.3763641631666932,0.0,0.0,0.7034866646815939
249,2021-02-05,158.1214142,1,0.4748258767290671,0.22152667325608544,0.5306898545921008,1.0,0.9020135254954332,0.3763641631666932,0.0,0.0,0.4397402145758536
250,2021-02-06,158.3662872,0,0.4748258767290671,0.22152667325608544,0.5306898545921008,1.0,0.9020135254954332,0.3763641631666932,0.0,0.0,0.8293582116763343
251,2021-02-07,158.61116030000002,0,0.4748258767290671,0.22152667325608544,0.5306898545921008,1.0,0.9020135254954332,0.3763641631666932,0.0,0.0,0.6177913724865522
252,2021-02-08,158.8560333,0,0.4748258767290671,0.22152667325608544,0.5306898545921008,1.0,0.9020135254954332,0.3763641631666932,0.0,0.0,0.5533181681361974
253,2021-02-09,158.6674042,0,0.4748258767290671,0.22152667325608544,0.5306898545921008,1.0,0.9020135254954332,0.3763641631666932,0.0,0.0,0.44553576738779377
254,2021-02-10,159.4516449,1,0.4748258767290671,0.22152667325608544,0.5306898545921008,1.0,0.9020135254954332,0.3763641631666932,0.0,0.0,0.4520446878560875
255,2021-02-11,163.2438965,1,0.4748258767290671,0.22152667325608544,0.5306898545921008,1.0,0.9020135254954332,0.3763641631666932,0.0,0.0,0.5523444948985352
256,2021-02-12,165.49737549999998,1,0.4748258767290671,0.22152667325608544,0.5306898545921008,1.0,0.9020135254954332,0.3763641631666932,0.0,0.0,0.3084019747293114
257,2021-02-13,165.4005814,0,0.4748258767290671,0.22152667325608544,0.5306898545921008,1.0,0.9020135254954332,0.3763641631666932,0.0,0.0,0.7353335786676407
258,2021-02-14,165.3037873,0,0.4748258767290671,0.22152667325608544,0.5306898545921008,1.0,0.9020135254954332,0.3763641631666932,0.0,0.0,0.9285699368488992
259,2021-02-15,165.20699309999998,0,0.4748258767290671,0.22152667325608544,0.5306898545921008,1.0,0.9020135254954332,0.3763641631666932,0.0,0.0,0.3048830499265911
260,2021-02-16,165.110199,0,0.4748258767290671,0.22152667325608544,0.5306898545921008,1.0,0.9020135254954332,0.3763641631666932,0.0,0.0,0.3598363243126705
261,2021-02-17,167.6714325,1,0.4748258767290671,0.22152667325608544,0.5306898545921008,1.0,0.9020135254954332,0.3763641631666932,0.0,0.0,0.7017103150083432
262,2021-02-18,166.72834780000002,-1,0.4748258767290671,0.22152667325608544,0.5306898545921008,1.0,0.9020135254954332,0.3763641631666932,0.0,0.0,0.5118887853402843
263,2021-02-19,158.83618159999997,-1,0.4748258767290671,0.22152667325608544,0.5306898545921008,1.0,0.9020135254954332,0.3763641631666932,0.0,0.0,0.2503614994976457
264,2021-02-20,158.8891296,0,0.4748258767290671,0.22152667325608544,0.5306898545921008,1.0,0.9020135254954332,0.3763641631666932,0.0,0.0,0.3934649711445735
265,2021-02-21,158.94207759999998,0,0.4748258767290671,0.22152667325608544,0.5306898545921008,1.0,0.9020135254954332,0.3763641631666932,0.0,0.0,0.8767889725644329
266,2021-02-22,158.9950256,0,0.4748258767290671,0.22152667325608544,0.5306898545921008,1.0,0.9020135254954332,0.3763641631666932,0.0,0.0,0.6337822488521354
267,2021-02-23,158.35968019999999,-1,0.4748258767290671,0.22152667325608544,0.5306898545921008,1.0,0.9020135254954332,0.3763641631666932,0.0,0.0,0.6747471708671515
268,2021-02-24,157.8931122,0,0.4748258767290671,0.22152667325608544,0.5306898545921008,1.0,0.9020135254954332,0.3763641631666932,0.0,0.0,0.5300694941640236
269,2021-02-25,155.3417664,-1,0.4748258767290671,0.22152667325608544,0.5306898545921008,1.0,0.9020135254954332,0.3763641631666932,0.0,0.0,0.3583908776108471
270,2021-02-26,154.1108093,-1,0.4748258767290671,0.22152667325608544,0.5306898545921008,1.0,0.9020135254954332,0.3763641631666932,0.0,0.0,0.3044817279231715
271,2021-02-27,154.9215393,1,0.4748258767290671,0.22152667325608544,0.5306898545921008,1.0,0.9020135254954332,0.3763641631666932,0.0,0.0,0.2383089327523047
272,2021-02-28,155.7322693,1,0.4748258767290671,0.22152667325608544,0.5306898545921008,1.0,0.9020135254954332,0.3763641631666932,0.0,0.0,0.1685794819273596
273,2021-03-01,156.5429993,1,0.4748258767290671,0.22152667325608544,0.5306898545921008,1.0,0.9020135254954332,0.3763641631666932,0.0,0.0,0.8649015005885481
274,2021-03-02,155.9076385,-1,0.4748258767290671,0.22152667325608544,0.5306898545921008,1.0,0.9020135254954332,0.3763641631666932,0.0,0.0,0.7393019983828424
275,2021-03-03,148.2338867,-1,0.4748258767290671,0.22152667325608544,0.5306898545921008,1.0,0.9020135254954332,0.3763641631666932,0.0,0.0,0.5586855803679454
276,2021-03-04,142.9525757,-1,0.4748258767290671,0.22152667325608544,0.5306898545921008,1.0,0.9020135254954332,0.3763641631666932,0.0,0.0,0.499047291949621
277,2021-03-05,144.62033080000003,1,0.4748258767290671,0.22152667325608544,0.5306898545921008,1.0,0.9020135254954332,0.3763641631666932,0.0,0.0,0.5264543532581847
278,2021-03-06,144.4449514,0,0.4748258767290671,0.22152667325608544,0.5306898545921008,1.0,0.9020135254954332,0.3763641631666932,0.0,0.0,0.11482295815452305
279,2021-03-07,144.26957190000002,0,0.4748258767290671,0.22152667325608544,0.5306898545921008,1.0,0.9020135254954332,0.3763641631666932,0.0,0.0,0.6893210405452121
280,2021-03-08,144.0941925,0,0.4748258767290671,0.22152667325608544,0.5306898545921008,1.0,0.9020135254954332,0.3763641631666932,0.0,0.0,0.5473206166365845
281,2021-03-09,149.0479126,1,0.4748258767290671,0.22152667325608544,0.5306898545921008,1.0,0.9020135254954332,0.3763641631666932,0.0,0.0,0.4643832599676081
282,2021-03-10,149.99099730000003,1,0.4748258767290671,0.22152667325608544,0.5306898545921008,1.0,0.9020135254954332,0.3763641631666932,0.0,0.0,0.2110187933041372
283,2021-03-11,151.25175480000001,1,0.4748258767290671,0.22152667325608544,0.5306898545921008,1.0,0.9020135254954332,0.3763641631666932,0.0,0.0,0.30333399336650396
284,2021-03-12,151.4602356,0,0.4748258767290671,0.22152667325608544,0.5306898545921008,1.0,0.9020135254954332,0.3763641631666932,0.0,0.0,0.17922927820670598
285,2021-03-13,152.21139530000002,1,0.4748258767290671,0.22152667325608544,0.5306898545921008,1.0,0.9020135254954332,0.3763641631666932,0.0,0.0,0.6201846791405368
286,2021-03-14,152.96255490000001,1,0.4748258767290671,0.22152667325608544,0.5306898545921008,1.0,0.9020135254954332,0.3763641631666932,0.0,0.0,0.7674340368404877
287,2021-03-15,153.7137146,1,0.4748258767290671,0.22152667325608544,0.5306898545921008,1.0,0.9020135254954332,0.3763641631666932,0.0,0.0,0.826490407543135
288,2021-03-16,153.9023438,0,0.4748258767290671,0.22152667325608544,0.5306898545921008,1.0,0.9020135254954332,0.3763641631666932,0.0,0.0,0.4276123320571745
289,2021-03-17,155.0340424,1,0.4748258767290671,0.22152667325608544,0.5306898545921008,1.0,0.9020135254954332,0.3763641631666932,0.0,0.0,0.8298334874455655
290,2021-03-18,151.31130980000003,-1,0.4748258767290671,0.22152667325608544,0.5306898545921008,1.0,0.9020135254954332,0.3763641631666932,0.0,0.0,0.4699834619857537
291,2021-03-19,152.0062256,1,0.4748258767290671,0.22152667325608544,0.5306898545921008,1.0,0.9020135254954332,0.3763641631666932,0.0,0.0,0.36806691958065496
292,2021-03-20,152.8368073,1,0.4748258767290671,0.22152667325608544,0.5306898545921008,1.0,0.9020135254954332,0.3763641631666932,0.0,0.0,0.6610056012883803
293,2021-03-21,153.6673889,1,0.4748258767290671,0.22152667325608544,0.5306898545921008,1.0,0.9020135254954332,0.3763641631666932,0.0,0.0,0.39886010995811016
294,2021-03-22,154.4979706,1,0.4748258767290671,0.22152667325608544,0.5306898545921008,1.0,0.9020135254954332,0.3763641631666932,0.0,0.0,0.8211266273314566
295,2021-03-23,154.9049835,0,0.4748258767290671,0.22152667325608544,0.5306898545921008,1.0,0.9020135254954332,0.3763641631666932,0.0,0.0,0.7384762651055548
296,2021-03-24,154.2994385,-1,0.4748258767290671,0.22152667325608544,0.5306898545921008,1.0,0.9020135254954332,0.3763641631666932,0.0,0.0,0.4633942317165243
297,2021-03-25,151.7679901,-1,0.4748258767290671,0.22152667325608544,0.5306898545921008,1.0,0.9020135254954332,0.3763641631666932,0.0,0.0,0.4216574892221416
298,2021-03-26,155.0141754,1,0.4748258767290671,0.22152667325608544,0.5306898545921008,1.0,0.9020135254954332,0.3763641631666932,0.0,0.0,0.2749645440254982
299,2021-03-27,155.7554169,1,0.4748258767290671,0.22152667325608544,0.5306898545921008,1.0,0.9020135254954332,0.3763641631666932,0.0,0.0,0.5036834844977918
300,2021-03-28,156.4966583,1,0.4748258767290671,0.22152667325608544,0.5306898545921008,1.0,0.9020135254954332,0.3763641631666932,0.0,0.0,0.7898033565962049
301,2021-03-29,157.2378998,1,0.4748258767290671,0.22152667325608544,0.5306898545921008,1.0,0.9020135254954332,0.3763641631666932,0.0,0.0,0.30118064325280525
302,2021-03-30,155.8977051,-1,0.4748258767290671,0.22152667325608544,0.5306898545921008,1.0,0.9020135254954332,0.3763641631666932,0.0,0.0,0.2831940042872105
303,2021-03-31,156.3345032,0,0.8581911939977661,0.4962058386222989,0.0,0.0,0.0,0.6302828557824354,0.7963975709234141,0.6747590500227307,0.9110090063071964
